Date,Open,High,Low,Close,Adj Close,Volume,Daily Return,SMA 20,SMA 50,Signal at Close,Next-Day Position,Strategy Net Return,Strategy Equity,Buy & Hold Net Return,Buy & Hold Equity,Strategy Drawdown,Buy & Hold Drawdown,Entry,Exit
2025-07-15,171.19000244140625,172.39999389648438,169.1999969482422,170.6999969482422,170.4729461669922,230627400,0,,,0,0,0,1,-0.001,0.999,0,0,0,0
2025-07-16,171.05999755859375,171.75,168.89999389648438,171.3699951171875,171.14205932617188,158831500,0.003925040155780657,,,0,0,0,1,0.003925040155780657,1.002921115115625,0,0,0,0
2025-07-17,172.02000427246094,174.16000366210938,170.8300018310547,173,172.7698974609375,160841100,0.009511619418247186,,,0,0,0,1,0.009511619418247186,1.012460519069129,0,0,0,0
2025-07-18,173.63999938964844,174.25,171.25999450683594,172.41000366210938,172.18067932128906,146456400,-0.00341042130780711,,,0,0,0,1,-0.00341042130780711,1.0090076021415821,0,-0.00341042130780711,0,0
2025-07-21,172.75,173.3800048828125,171,171.3800048828125,171.1520538330078,123126100,-0.005974105180302058,,,0,0,0,1,-0.005974105180302058,1.002979684598664,0,-0.009364152272507087,0,0
2025-07-22,171.33999633789062,171.38999938964844,164.5800018310547,167.02999877929688,166.80784606933594,193114300,-0.025382153858991896,,,0,0,0,1,-0.025382153858991896,0.9775218999267375,0,-0.034508623777759206,0,0
2025-07-23,169.52999877929688,171.25999450683594,167.97000122070312,170.77999877929688,170.55284118652344,154082200,0.022450953030295873,,,0,0,0,1,0.022450953030295873,0.9994681981880783,0,-0.012832422239038022,0,0
2025-07-24,172.44000244140625,173.8300018310547,171.3000030517578,173.74000549316406,173.5089111328125,128984600,0.017332282040708913,,,0,0,0,1,0.017332282040708913,1.0167912628897933,0,0,0,0
2025-07-25,173.61000061035156,174.72000122070312,172.9600067138672,173.5,173.26922607421875,122316800,-0.0013813991283150306,,,0,0,0,1,-0.0013813991283150306,1.015386668325559,0,-0.0013813991283150306,0,0
2025-07-28,174.02000427246094,177,173.97000122070312,176.75,176.514892578125,140023500,0.018731927056198527,,,0,0,0,1,0.018731927056198527,1.03440681733047,0,0,0,0
2025-07-29,177.9600067138672,179.3800048828125,175.02000427246094,175.50999450683594,175.2765350341797,154077500,-0.0070155980940657114,,,0,0,0,1,-0.0070155980940657114,1.0271498348343178,0,-0.0070155980940656,0,0
2025-07-30,176.50999450683594,179.88999938964844,176.0399932861328,179.27000427246094,179.03155517578125,174312200,0.021423404683743374,,,0,0,0,1,0.021423404683743374,1.0491548814168135,0,0,0,0
2025-07-31,182.89999389648438,183.3000030517578,175.92999267578125,177.8699951171875,177.63340759277344,221685400,-0.0078095036466339085,,,0,0,0,1,-0.0078095036466339085,1.0409615025445051,0,-0.0078095036466337975,0,0
2025-08-01,174.08999633789062,176.5399932861328,170.88999938964844,173.72000122070312,173.4889373779297,204529000,-0.023331592131278556,,,0,0,0,1,-0.023331592131278556,1.016674213342774,0,-0.030958887624081277,0,0
2025-08-04,175.16000366210938,180.1999969482422,174.52000427246094,180,179.76058959960938,148174600,0.03615015641036212,,,0,0,0,1,0.03615015641036212,1.0534271451734971,0,0,0,0
2025-08-05,179.6199951171875,180.25999450683594,175.89999389648438,178.25999450683594,178.02288818359375,156407600,-0.009666754097136132,,,0,0,0,1,-0.009666754097136132,1.0432439240018567,0,-0.009666754097136243,0,0
2025-08-06,176.3300018310547,179.89999389648438,176.25,179.4199981689453,179.1813507080078,137192300,0.006507379675917635,,,0,0,0,1,0.006507379675917635,1.050032708309931,0,-0.0032222796603623705,0,0
2025-08-07,181.57000732421875,183.8800048828125,178.8000030517578,180.77000427246094,180.52957153320312,151878400,0.007524336767571027,,,0,0,0,1,0.007524336767571027,1.0579335080242196,0,0,0,0
2025-08-08,181.5500030517578,183.3000030517578,180.39999389648438,182.6999969482422,182.45700073242188,123396700,0.01067652896336857,,,0,0,0,1,0.01067652896336857,1.0692285657639582,0,0,0,0
2025-08-11,182.0500030517578,183.83999633789062,180.25,182.05999755859375,181.8178253173828,138323200,-0.0035031564284915273,175.27855072021484,,0,0,0,1,-0.0035031564284915273,1.0654828908402754,0,-0.0035031564284915273,0,0
2025-08-12,182.9600067138672,184.47999572753906,179.4600067138672,183.16000366210938,182.9163818359375,145485700,0.00604207269907131,175.9007225036621,,0,0,0,1,0.00604207269907131,1.071920615926349,0,0,0,0
2025-08-13,182.6199951171875,183.97000122070312,179.35000610351562,181.58999633789062,181.3484649658203,179871700,-0.008571768446215433,176.41104278564453,,0,0,0,1,-0.008571768446215433,1.0627323606139036,0,-0.008571768446215544,0,0
2025-08-14,179.75,183.02000427246094,179.4600067138672,182.02000427246094,181.7778778076172,129554000,0.002367887932648305,176.8614418029785,,0,0,0,1,0.002367887932648305,1.065248791746236,0,-0.006224177500632533,0,0
2025-08-15,181.8800048828125,181.89999389648438,178.0399932861328,180.4499969482422,180.20997619628906,156602200,-0.008625370866016446,177.2629066467285,,0,0,0,1,-0.008625370866016446,1.0560606258528489,0,-0.014795862527370085,0,0
2025-08-18,180.60000610351562,182.94000244140625,180.58999633789062,182.00999450683594,181.76788330078125,132008000,0.00864495483199712,177.7936981201172,,0,0,0,1,0.00864495483199712,1.0651902222631973,0,-0.006278817258622671,0,0
2025-08-19,182.42999267578125,182.5,175.49000549316406,175.63999938964844,175.4063720703125,185229200,-0.034997993677144845,178.223624420166,,0,0,0,1,-0.034997993677144845,1.0279107015994733,0,-0.04105706492905037,0,0
2025-08-20,175.1699981689453,176,168.8000030517578,175.39999389648438,175.16668701171875,215142700,-0.0013664558234958157,178.45431671142578,,0,0,0,1,-0.0013664558234958157,1.026506107035239,0,-0.042367418087078224,0,0
2025-08-21,174.85000610351562,176.89999389648438,173.80999755859375,174.97999572753906,174.7472381591797,140040900,-0.002394569764917698,178.51623306274413,,0,0,0,1,-0.002394569764917698,1.024048066547829,0,-0.04466053611362697,0,0
2025-08-22,172.61000061035156,178.58999633789062,171.1999969482422,177.99000549316406,177.75326538085938,172789400,0.017202144384917073,178.74043502807618,,0,0,0,1,0.017202144384917073,1.04166388924568,0,-0.028226648719244296,0,0
2025-08-25,178.35000610351562,181.91000366210938,176.57000732421875,179.80999755859375,179.57083129882812,163012800,0.010225218164484184,178.89323196411132,,0,0,0,1,0.010225218164484184,1.0523151297672821,0,-0.018290054195966632,0,0
2025-08-26,180.05999755859375,182.38999938964844,178.80999755859375,181.77000427246094,181.52822875976562,168688200,0.010900419888796753,179.20581665039063,,0,0,0,1,0.010900419888796753,1.063785806537079,0,-0.007589003577694875,0,0
2025-08-27,181.97999572753906,182.49000549316406,179.10000610351562,181.60000610351562,181.35845947265625,235518900,-0.0009352225175625062,179.32216186523436,,0,0,0,1,-0.0009352225175625062,1.0627909300969423,0,-0.008517128688225628,0,0
2025-08-28,180.82000732421875,184.47000122070312,176.41000366210938,180.1699981689453,179.93035888671875,281787800,-0.007874463590449854,179.43700942993163,,0,0,0,1,-0.007874463590449854,1.0544220216136335,0,-0.01632452445892485,0,0
2025-08-29,178.11000061035156,178.14999389648438,173.14999389648438,174.17999267578125,173.94830322265625,243257900,-0.033246505487318556,179.45997772216796,,0,0,0,1,-0.033246505487318556,1.0193661740861064,0,-0.04902829655424179,0,0
2025-09-02,170,172.3800048828125,167.22000122070312,170.77999877929688,170.55284118652344,231164900,-0.019519949164359285,178.99959030151368,,0,0,0,1,-0.019519949164359285,0.9994681981880782,0,-0.06759121586224714,0,0
2025-09-03,171.05999755859375,172.41000366210938,168.8800048828125,170.6199951171875,170.39306640625,164424900,-0.0009368051517751885,178.61809921264648,,0,0,0,1,-0.0009368051517751885,0.9985318912309802,0,-0.06846470121478787,0,0
2025-09-04,170.57000732421875,171.86000061035156,169.41000366210938,171.66000366210938,171.4316864013672,141670100,0.0060954357886893185,178.23061599731446,,0,0,0,1,0.0060954357886893185,1.0046183782569371,0,-0.06278658761614508,0,0
2025-09-05,168.02999877929688,169.02999877929688,164.07000732421875,167.02000427246094,166.79786682128906,224441400,-0.027030123061550726,177.54403076171874,,0,0,0,1,-0.027030123061550726,0.9774634198627566,0,-0.08811958148781651,0,0
2025-09-08,167.5500030517578,170.9600067138672,167.35000610351562,168.30999755859375,168.08612060546875,163769100,0.007723442803737823,176.8254867553711,,0,0,0,1,0.007723442803737823,0.9850128026788126,0,-0.08107672523158915,0,0
2025-09-09,169.08999633789062,170.97999572753906,166.74000549316406,170.75999450683594,170.53285217285156,157548400,0.014556416428491259,176.26123809814453,,0,0,0,1,0.014556416428491259,0.9993510592220007,0,-0.0677004953782272,0,0
2025-09-10,176.63999938964844,179.2899932861328,175.47000122070312,177.3300018310547,177.09413146972656,226852000,0.03847516307429433,175.970125579834,,0,0,0,1,0.03847516307429433,1.037801254194036,0,-0.031830119903820675,0,0
2025-09-11,179.67999267578125,180.27999877929688,176.47999572753906,177.1699981689453,176.9443359375,151159300,-0.0008458526038293002,175.74991912841796,,0,0,0,1,-0.0008458526038293002,1.0369234273009187,0,-0.032649048917849144,0,0
2025-09-12,177.77000427246094,178.60000610351562,176.4499969482422,177.82000732421875,177.59349060058594,124911000,0.0036686942232229125,175.54069976806642,,0,0,0,1,0.0036686942232229125,1.040727582288582,0,-0.02910013407178491,0,0
2025-09-15,175.6699981689453,178.85000610351562,174.50999450683594,177.75,177.52359008789062,147061600,-0.0003935983940567267,175.4063804626465,,0,0,0,1,-0.0003935983940567267,1.0403179535835427,0,-0.029482278699804132,0,0
2025-09-16,177,177.5,174.3800048828125,174.8800048828125,174.65724182128906,140737800,-0.016146295065249894,175.05084838867188,,0,0,0,1,-0.016146295065249894,1.023520672943306,0,-0.04515254419397097,0,0
2025-09-17,172.63999938964844,173.1999969482422,168.41000366210938,170.2899932861328,170.0730743408203,211843800,-0.026246649910796838,174.78418350219727,,0,0,0,1,-0.026246649910796838,0.9966566841640998,0,-0.07021409108472687,0,0
2025-09-18,173.97999572753906,177.10000610351562,172.9600067138672,176.24000549316406,176.01551818847656,191763300,0.03494053288969079,174.82662506103514,,0,0,0,1,0.03494053288969079,1.0314803998168658,0,-0.03772687595390167,0,0
2025-09-19,175.77000427246094,178.0800018310547,175.17999267578125,176.6699981689453,176.4449462890625,237182100,0.0024397172760990404,174.9115104675293,,0,0,0,1,0.0024397172760990404,1.0339969203682566,0,-0.03537920158884056,0,0
2025-09-22,175.3000030517578,184.5500030517578,174.7100067138672,183.61000061035156,183.37611389160156,269637000,0.03928232430745848,175.1926528930664,,0,0,0,1,0.03928232430745848,1.074614722727076,0,0,0,0
2025-09-23,181.97000122070312,182.4199981689453,176.2100067138672,178.42999267578125,178.2027130126953,192559600,-0.028211967028401452,175.12424697875977,175.97441864013672,0,0,0,1,-0.028211967028401452,1.0442977276012648,0,-0.028211967028401563,0,0
2025-09-24,179.77000427246094,179.77999877929688,175.39999389648438,176.97000122070312,176.74456787109375,143564100,-0.008182508094013552,174.88506393432618,176.09985107421875,0,0,0,1,-0.008182508094013552,1.0357527529926076,0,-0.03616363047385707,0,0
2025-09-25,174.47999572753906,180.25999450683594,173.1300048828125,177.69000244140625,177.4636688232422,191586700,0.004068588702951903,174.69032440185546,176.22628326416014,0,0,0,1,0.004068588702951903,1.0399668049424846,0,-0.032242176709308845,0,0
2025-09-26,178.1699981689453,179.77000427246094,174.92999267578125,178.19000244140625,177.96302795410156,148573700,0.0028138668279011902,174.59195785522462,176.33014587402343,0,0,0,1,0.0028138668279011902,1.0428931330370306,0,-0.029519035072909428,0,0
2025-09-29,180.42999267578125,184,180.32000732421875,181.85000610351562,181.61837768554688,193063500,0.02053993896073769,174.97546157836913,176.51889984130858,0,0,0,1,0.02053993896073769,1.0643140943321836,0,-0.009585415290749189,0,0
2025-09-30,182.0800018310547,187.35000610351562,181.47999572753906,186.5800018310547,186.3423309326172,236981000,0.026010326197546618,175.76493606567382,176.8227053833008,0,0,0,1,0.026010326197546618,1.09199725110241,0,0,0,0
2025-10-01,185.24000549316406,188.13999938964844,183.89999389648438,187.24000549316406,187.00149536132812,173844900,0.0035373842616002182,176.59535751342773,177.2265783691406,0,0,0,1,0.0035373842616002182,1.0958600649921704,0,0,0,0
2025-10-02,189.60000610351562,191.0500030517578,188.05999755859375,188.88999938964844,188.64939880371094,136805800,0.008812247405822538,177.45624313354492,177.58850952148438,0,0,0,1,0.008812247405822538,1.1055170550070421,0,0,0,0
2025-10-03,189.19000244140625,190.36000061035156,185.3800048828125,187.6199951171875,187.38101196289062,137596900,-0.006723513824393734,178.485400390625,177.86595153808594,1,0,0,1,-0.006723513824393734,1.0980840958045992,0,-0.006723513824393734,0,0
2025-10-06,185.5,187.22999572753906,183.3300018310547,185.5399932861328,185.30364990234375,157678100,-0.011086299720476922,179.34627685546874,178.10664001464843,1,1,-0.012086299720476923,0.9879137002795231,-0.011086299720476922,1.0859104064002205,-0.012086299720476923,-0.01773527465543867,1,0
2025-10-07,186.22999572753906,189.05999755859375,184,185.0399932861328,184.80429077148438,140088000,-0.0026948154076972264,180.0598487854004,178.27242797851562,1,1,-0.0026948154076972264,0.9852514552185346,-0.0026948154076972264,1.0829840783056746,-0.014748544781465367,-0.02038229677173453,0,0
2025-10-08,186.57000732421875,189.60000610351562,186.5399932861328,189.11000061035156,188.86911010742188,130168900,0.021995264931179426,180.64859771728516,178.54427947998047,1,1,0.021995264931179426,1.0069223219998964,0.021995264931179426,1.106804600024257,0,0,0,0
2025-10-09,192.22999572753906,195.3000030517578,191.05999755859375,192.57000732421875,192.32470703125,182997200,0.0182962524780399,181.41761627197266,178.81014251708984,1,1,0.0182962524780399,1.0253452270289807,0.0182962524780399,1.1270549764301567,0,0,0,0
2025-10-10,193.50999450683594,195.6199951171875,182.0500030517578,183.16000366210938,182.92669677734375,268774400,-0.04886532988389891,181.68427658081055,178.91600830078124,1,1,-0.04886532988389891,0.9752413942653283,-0.04886532988389891,1.0719810632096072,-0.04886532988389891,-0.04886532988389891,0,0
2025-10-13,187.97000122070312,190.11000061035156,185.9600067138672,188.32000732421875,188.0801239013672,153482800,0.028172088682583807,182.21210327148438,179.20783203125,1,1,0.028172088682583807,1.0027159813114979,0.028172088682583807,1.1021810087883988,-0.022069879608307974,-0.022069879608307974,0,0
2025-10-14,184.77000427246094,184.8000030517578,179.6999969482422,180.02999877929688,179.8006591796875,205641400,-0.04402094463751838,182.4692741394043,179.20863342285156,1,1,-0.04402094463751838,0.9585754766110295,-0.04402094463751838,1.0536619596200005,-0.06511928729743233,-0.06511928729743233,0,0
2025-10-15,184.8000030517578,184.8699951171875,177.2899932861328,179.8300018310547,179.60093688964844,214450500,-0.0011107984306079066,182.9456672668457,179.24019439697267,1,1,-0.0011107984306079066,0.9575106924759907,-0.0011107984306079066,1.0524915535688635,-0.06615775132590795,-0.06615775132590784,0,0
2025-10-16,182.22999572753906,183.27999877929688,179.77000427246094,181.80999755859375,181.5784149169922,179723300,0.01101039928627312,183.22381210327148,179.28813568115234,1,1,0.01101039928627312,0.9680532675210273,0.01101039928627312,1.0640799058190866,-0.055875775297615005,-0.055875775297614894,0,0
2025-10-17,180.17999267578125,184.10000610351562,179.75,183.22000122070312,182.9866180419922,173135200,0.007755344299286593,183.55089569091797,179.33727661132812,1,1,0.007755344299286593,0.9755608539107022,0.007755344299286593,1.0723322118506662,-0.048553766873751014,-0.04855376687375079,0,0
2025-10-20,183.1300048828125,185.1999969482422,181.72999572753906,182.63999938964844,182.4073486328125,128544700,-0.0031656380962610253,183.50245742797853,179.33628356933593,1,1,-0.0031656380962610253,0.9724725813063416,-0.0031656380962610253,1.0689375961489838,-0.05156570131587945,-0.05156570131587945,0,0
2025-10-21,182.7899932861328,182.7899932861328,179.8000030517578,181.16000366210938,180.92922973632812,124240200,-0.008103395546085412,183.63878326416017,179.31851165771485,1,1,-0.008103395546085412,0.9645922513222936,-0.008103395546085412,1.0602755719933068,-0.05925123958759104,-0.05925123958759104,0,0
2025-10-22,181.13999938964844,183.44000244140625,176.75999450683594,180.27999877929688,180.05035400390625,162249600,-0.004857566318624551,183.80407257080077,179.26119110107422,1,1,-0.004857566318624551,0.9599066804910642,-0.004857566318624551,1.0551252130863318,-0.06382098908045819,-0.06382098908045808,0,0
2025-10-23,180.4199981689453,183.02999877929688,179.7899932861328,182.16000366210938,181.92796325683594,111363700,0.010428245272369407,184.02728729248048,179.27278106689454,1,1,0.010428245272369407,0.969916822793811,0.010428245272369407,1.066128317601457,-0.05405828473574492,-0.05405828473574492,0,0
2025-10-24,183.83999633789062,187.47000122070312,183.5,186.25999450683594,186.02272033691406,131296700,0.022507573914282597,184.4302719116211,179.35767791748046,1,1,0.022507573914282597,0.9917472973735488,0.022507573914282597,1.0901242795119817,-0.032767431660831514,-0.0327674316608314,0,0
2025-10-27,189.99000549316406,192,188.42999267578125,191.49000549316406,191.24607849121094,153452700,0.02807914078902085,184.9116569519043,179.5783999633789,1,1,0.02807914078902085,1.0195947093636317,0.02807914078902085,1.1207340326339286,-0.005608372198709688,-0.005608372198709577,0,0
2025-10-28,193.0500030517578,203.14999389648438,191.91000366210938,201.02999877929688,200.77394104003906,297986200,0.04981991068259206,185.63323745727538,179.95852111816407,1,1,0.04981991068259206,1.0703908267165714,0.04981991068259206,1.176568902038692,0,0,0,0
2025-10-29,207.97999572753906,212.19000244140625,204.77999877929688,207.0399932861328,206.77627563476562,308829600,0.0298959843276152,186.62197647094726,180.58591918945314,1,1,0.0298959843276152,1.102391214096513,0.0298959843276152,1.2117435874944003,0,0,0,0
2025-10-30,205.14999389648438,206.16000366210938,201.41000366210938,202.88999938964844,202.63156127929688,178864400,-0.020044438573744605,187.32108459472656,181.1352166748047,1,1,-0.020044438573744605,1.0802944011213198,-0.020044438573744605,1.1874548675877399,-0.020044438573744605,-0.020044438573744605,0,0
2025-10-31,206.4499969482422,207.97000122070312,202.07000732421875,202.49000549316406,202.23207092285156,179802200,-0.0019715110218919696,188.06363754272462,181.68491333007813,1,1,-0.0019715110218919696,1.078164588802621,-0.0019715110218919696,1.1851137872282913,-0.021976431764060722,-0.021976431764060833,0,0
2025-11-03,208.0800018310547,211.33999633789062,205.55999755859375,206.8800048828125,206.61647033691406,180267300,0.021680040134361755,189.12927856445313,182.26217742919923,1,1,0.021680040134361755,1.1015392403593094,0.021680040134361755,1.2108071016991862,-0.0007728415523539089,-0.0007728415523539089,0,0
2025-11-04,203,203.97000122070312,197.92999267578125,198.69000244140625,198.43690490722656,188919300,-0.03958815778988811,189.81090927124023,182.63949890136718,1,1,-0.03958815778988811,1.0579313311002116,-0.03958815778988811,1.1628734791040016,-0.04033040396892085,-0.04033040396892096,0,0
2025-11-05,198.77000427246094,202.9199981689453,194.64999389648438,195.2100067138672,194.9613494873047,171350300,-0.01751466251475131,190.1155212402344,182.90816131591797,1,1,-0.01751466251475131,1.03940202087221,-0.01751466251475131,1.1425061425701404,-0.05713869306907282,-0.05713869306907293,0,0
2025-11-06,196.4199981689453,197.6199951171875,186.3800048828125,188.0800018310547,187.84042358398438,223029800,-0.03652480823530613,189.89130706787108,183.03780059814454,1,1,-0.03652480823530613,1.0014380613804628,-0.03652480823530613,1.1007763248051068,-0.09157652149721507,-0.09157652149721507,0,0
2025-11-07,184.89999389648438,188.32000732421875,178.91000366210938,188.14999389648438,187.91033935546875,264942300,0.00037220833593964997,190.14048919677734,183.19740020751954,1,1,0.00037220833593964997,1.0018108049748358,0.00037220833593964997,1.1011860429292042,-0.09123839870595307,-0.09123839870595307,0,0
2025-11-10,195.11000061035156,199.94000244140625,193.7899932861328,199.0500030517578,198.7964630126953,198897100,0.05793254216114918,190.67630615234376,183.69436340332032,1,1,0.05793254216114918,1.0598482516715353,0.05793254216114918,1.1649805497884693,-0.0385915289245522,-0.03859152892455231,0,0
2025-11-11,195.16000366210938,195.4199981689453,191.3000030517578,193.16000366210938,192.91395568847656,176483300,-0.029590603550341266,191.33197097778321,184.1415856933594,1,1,-0.029590603550341266,1.0284867022328006,-0.029590603550341266,1.13050807219582,-0.06704018584208549,-0.06704018584208571,0,0
2025-11-12,195.72000122070312,195.88999938964844,191.1300048828125,193.8000030517578,193.5531463623047,154935300,0.003313345950255231,192.02958145141602,184.60478729248047,1,1,0.003313345950255231,1.031894434482535,0.003313345950255231,1.1342538365385608,-0.06394896722009458,-0.0639489672200948,0,0
2025-11-13,191.0500030517578,191.44000244140625,183.85000610351562,186.86000061035156,186.62196350097656,207423100,-0.03581023089314139,192.28175888061523,184.90859283447264,1,1,-0.03581023089314139,0.9949420565263678,-0.03581023089314139,1.0936359447606836,-0.09746917083170648,-0.09746917083170659,0,0
2025-11-14,182.86000061035156,191.00999450683594,180.5800018310547,190.1699981689453,189.92774963378906,186591900,0.017713810694073073,192.6288154602051,185.37119049072265,1,1,0.017713810694073073,1.0125662717672477,0.017713810694073073,1.113008404854408,-0.08148191057825438,-0.08148191057825471,0,0
2025-11-17,185.97000122070312,189,184.32000732421875,186.60000610351562,186.3623046875,173628900,-0.018772638296214228,192.82656326293946,185.7367141723633,1,1,-0.018772638296214228,0.993557731396415,-0.018772638296214228,1.0921143006494298,-0.0987249184394986,-0.09872491843949882,0,0
2025-11-18,183.3800048828125,184.8000030517578,179.64999389648438,181.36000061035156,181.1289825439453,213598900,-0.028081441428459142,192.8365509033203,185.94863677978515,1,1,-0.028081441428459142,0.9656571981564138,-0.028081441428459142,1.0614461568825602,-0.1240340218532695,-0.12403402185326984,0,0
2025-11-19,184.7899932861328,187.86000061035156,182.8300018310547,186.52000427246094,186.28240966796875,247246400,0.028451698075282472,193.14815368652344,186.13240234375,1,1,0.028451698075282472,0.9931317852025833,0.028451698075282472,1.0916461024613517,-0.09911130231881937,-0.0991113023188196,0,0
2025-11-20,195.9499969482422,196,179.85000610351562,180.63999938964844,180.40989685058594,343504800,-0.03152478448099327,193.07225036621094,186.20171356201172,1,1,-0.03152478448099327,0.9618235197128477,-0.03152478448099327,1.0572321943517413,-0.1275116243545813,-0.12751162435458152,0,0
2025-11-21,181.24000549316406,184.55999755859375,172.92999267578125,178.8800048828125,178.6521453857422,346926200,-0.00974309888497693,192.70372161865234,186.22288665771484,1,1,-0.00974309888497693,0.952452378050389,-0.00974309888497693,1.046931476537791,-0.13601236487448742,-0.13601236487448776,0,0
2025-11-24,179.49000549316406,183.5,176.47999572753906,182.5500030517578,182.31747436523438,256618300,0.02051656850567385,192.2572914123535,186.3187643432617,1,1,0.02051656850567385,0.9719934325130517,0.02051656850567385,1.068410917896925,-0.11828630337037971,-0.11828630337038004,0,0
2025-11-25,174.91000366210938,178.16000366210938,169.5500030517578,177.82000732421875,177.59349060058594,320600300,-0.02591075694250211,191.09826889038087,186.37748931884767,1,1,-0.02591075694250211,0.9468083469334977,-0.02591075694250211,1.0407275822885822,-0.14113217265662492,-0.14113217265662514,0,0
2025-11-26,181.6300048828125,182.91000366210938,178.24000549316406,180.25999450683594,180.03038024902344,183852000,0.013721728427074753,189.76097412109374,186.57663543701173,1,1,0.013721728427074753,0.9598001939426067,0.013721728427074753,1.0550081635393123,-0.12934702157506728,-0.1293470215750676,0,0
2025-11-28,179.00999450683594,179.2899932861328,176.5,177,176.7745361328125,121332800,-0.018084970501686226,188.46812286376954,186.59181579589844,1,1,-0.018084970501686226,0.942442235747642,-0.018084970501686226,1.0359283720226657,-0.14509275500708751,-0.14509275500708763,0,0
2025-12-01,174.75999450683594,180.3000030517578,173.67999267578125,179.9199981689453,179.69082641601562,188131000,0.016497230579703537,187.34106063842773,186.6567333984375,1,1,0.016497230579703537,0.9579899226188221,0.016497230579703537,1.0530183212399806,-0.1309891530621804,-0.1309891530621804,0,0
2025-12-02,181.75999450683594,185.66000366210938,180,181.4600067138672,181.22885131835938,182632200,0.008559284483354412,186.0716796875,186.61378814697267,0,1,0.008559284483354412,0.9661896308987032,0.008559284483354412,1.062031404617658,-0.12355104200411882,-0.12355104200411882,0,0
2025-12-03,181.0800018310547,182.4499969482422,179.11000061035156,179.58999633789062,179.36123657226562,165138000,-0.010305283802814369,185.11789627075194,186.63695861816407,0,0,-0.001,0.9652234412678046,-0.010305283802814369,1.0510868695855715,-0.1244274909621147,-0.1325830972549472,0,1
2025-12-04,181.6199951171875,184.52000427246094,179.9600067138672,183.3800048828125,183.1566162109375,167364900,0.021160534523537944,184.52765960693358,186.76519958496092,0,0,0,0.9652234412678046,0.021160534523537944,1.0733284295766745,-0.1244274909621147,-0.11422809193811012,0,0
2025-12-05,183.88999938964844,184.66000366210938,180.91000366210938,182.41000366210938,182.1877899169922,143971100,-0.005289605770121497,184.245027923584,186.85968200683592,0,0,0,0.9652234412678046,-0.005289605770121497,1.0676509453223504,-0.1244274909621147,-0.11891347613400571,0,0
2025-12-08,182.63999938964844,188,182.39999389648438,185.5500030517578,185.323974609375,204378100,0.017214022376646154,184.1157096862793,187.0069009399414,0,0,0,0.9652234412678046,0.017214022376646154,1.0860295125855768,-0.1244274909621147,-0.10374643299641506,0,0
2025-12-09,185.55999755859375,185.72000122070312,183.32000732421875,184.97000122070312,184.7446746826172,144719700,-0.003125876875773148,183.4131202697754,187.06942687988283,0,0,0,0.9652234412678046,-0.003125876875773148,1.0826347180457783,-0.1244274909621147,-0.10654801129634084,0,0
2025-12-10,184.97000122070312,185.47999572753906,182.0399932861328,183.77999877929688,183.55612182617188,162785400,-0.006433489130266867,182.94522857666016,187.0137026977539,0,0,0,0.9652234412678046,-0.006433489130266867,1.0756695993551812,-0.1244274909621147,-0.1122960249540812,0,0
2025-12-11,180.27999877929688,181.32000732421875,176.6199951171875,180.92999267578125,180.70957946777344,182136600,-0.015507749510496383,182.30305023193358,186.8878643798828,0,0,0,0.9652234412678046,-0.015507749510496383,1.0589883846523251,-0.1244274909621147,-0.1260623158385652,0,0
2025-12-12,181.11000061035156,182.82000732421875,174.6199951171875,175.02000427246094,174.80679321289062,204274900,-0.03266449001911087,181.7122917175293,186.61101226806642,0,0,0,0.9652234412678046,-0.03266449001911087,1.024397069131495,-0.1244274909621147,-0.1546090446001812,0,0
2025-12-15,177.94000244140625,178.4199981689453,175.02999877929688,176.2899932861328,176.0752410888672,164775600,0.0072562847968487,181.0196662902832,186.38489685058593,0,0,0,0.9652234412678046,0.0072562847968487,1.0318303860101703,-0.1244274909621147,-0.14847464706311997,0,0
2025-12-16,176.25999450683594,178.49000549316406,174.89999389648438,177.72000122070312,177.50350952148438,148588100,0.008111693749698334,180.57672653198242,186.22889404296876,0,0,0,0.9652234412678046,0.008111693749698334,1.0402002781031179,-0.1244274909621147,-0.14156733417999223,0,0
2025-12-17,176.10000610351562,176.1300048828125,170.30999755859375,170.94000244140625,170.7317657470703,222775500,-0.03814991485334229,180.05686569213867,185.94744354248047,0,0,0,0.9652234412678046,-0.03814991485334229,1.000516726063061,-0.1244274909621147,-0.17431646728835315,0,0
2025-12-18,174.52999877929688,176.14999389648438,171.82000732421875,174.13999938964844,173.9278564453125,176096000,0.018719953397407174,179.43913803100585,185.64861846923827,0,0,0,0.9652234412678046,0.018719953397407174,1.0192463525482878,-0.1244274909621147,-0.15885971003498467,0,0
2025-12-19,176.6699981689453,181.4499969482422,176.33999633789062,180.99000549316406,180.76951599121094,324925900,0.039336191946053534,179.4571189880371,185.4175146484375,0,0,0,0.9652234412678046,0.039336191946053534,1.059339622712442,-0.1244274909621147,-0.12577245413536176,0,0
2025-12-22,183.9199981689453,184.16000366210938,182.35000610351562,183.69000244140625,183.4662322998047,129064400,0.014917981573424388,179.69782333374025,185.42830535888672,0,0,0,0.9652234412678046,0.014917981573424388,1.0751428316840645,-0.1244274909621147,-0.11273074371517311,0,0
2025-12-23,182.97000122070312,189.3300018310547,182.89999389648438,189.2100067138672,188.97950744628906,174873600,0.030050626087284815,180.03092498779296,185.44629302978515,0,0,0,0.9652234412678046,0.030050626087284815,1.107451546909427,-0.1244274909621147,-0.08606774705581444,0,0
2025-12-24,187.94000244140625,188.91000366210938,186.58999633789062,188.61000061035156,188.38023376464844,65528500,-0.0031711040511148703,180.57026214599608,185.61788452148437,0,0,0,0.9652234412678046,-0.0031711040511148703,1.1039397028226092,-0.1244274909621147,-0.08896592132557024,0,0
2025-12-26,189.9199981689453,192.69000244140625,188,190.52999877929688,190.2978973388672,139740300,0.010179749413702144,181.0836380004883,185.83182373046876,0,0,0,0.9652234412678046,0.010179749413702144,1.1151775323651802,-0.1244274909621147,-0.07969182269732145,0,0
2025-12-29,187.7100067138672,188.75999450683594,185.91000366210938,188.22000122070312,187.99070739746094,120006100,-0.012124095818556446,181.6444465637207,185.9600695800781,0,0,0,0.9652234412678046,-0.012124095818556446,1.1016570131080834,-0.1244274909621147,-0.09084972722154028,0,0
2025-12-30,188.24000549316406,188.99000549316406,186.92999267578125,187.5399932861328,187.31153869628906,97687300,-0.00361277804937421,182.02548217773438,186.04656799316408,0,0,0,0.9652234412678046,-0.00361277804937421,1.0976769708331873,-0.1244274909621147,-0.09413428537061697,0,0
2025-12-31,189.57000732421875,190.55999755859375,186.49000549316406,186.5,186.27281188964844,120100500,-0.005545450183530032,182.27768020629884,186.12387725830078,0,0,0,0.9652234412678046,-0.005545450183530032,1.0915898578738237,-0.1244274909621147,-0.09915771856406197,0,0
2026-01-02,189.83999633789062,192.92999267578125,188.25999450683594,188.85000610351562,188.6199493408203,148240500,0.012600536961681508,182.74061584472656,186.27769165039064,0,0,0,0.9652234412678046,0.012600536961681508,1.1053444762249593,-0.1244274909621147,-0.08780662210018308,0,0
2026-01-05,191.75999450683594,193.6300048828125,186.14999389648438,188.1199951171875,187.89083862304688,183529700,-0.0038655016095672234,182.97732696533203,186.43450134277344,0,0,0,0.9652234412678046,-0.0038655016095672234,1.1010717653729856,-0.1244274909621147,-0.0913327070706913,0,0
2026-01-06,190.52000427246094,192.1699981689453,186.82000732421875,187.24000549316406,187.0119171142578,176862600,-0.004677830570294028,183.21853332519532,186.53618041992186,0,0,0,0.9652234412678046,-0.004677830570294028,1.0959211382088363,-0.1244274909621147,-0.09558329871178228,0,0
2026-01-07,188.57000732421875,191.3699951171875,186.55999755859375,189.11000061035156,188.87962341308594,153543200,0.009987097761727348,183.39631576538085,186.59331848144532,0,0,0,0.9652234412678046,0.009987097761727348,1.1068662097552715,-0.1244274909621147,-0.08655080069867782,0,0
2026-01-08,189.11000061035156,189.5500030517578,183.7100067138672,185.0399932861328,184.81459045410156,172457000,-0.02152181842344114,183.3998115539551,186.46468872070312,0,0,0,0.9652234412678046,-0.02152181842344114,1.0830444361698761,-0.1244274909621147,-0.10620988850507851,0,0
2026-01-09,185.0800018310547,186.33999633789062,183.6699981689453,184.86000061035156,184.63479614257812,131327500,-0.0009728361331303725,183.4537452697754,186.1419058227539,0,0,0,0.9652234412678046,-0.0009728361331303725,1.0819908114085843,-0.1244274909621147,-0.10707939982097536,0,0
2026-01-12,183.22000122070312,187.1199951171875,183.02000427246094,184.94000244140625,184.71470642089844,137968500,0.00043280183361860125,183.65400161743165,185.70067443847657,0,0,0,0.9652234412678046,0.00043280183361860125,1.0824590990157203,-0.1244274909621147,-0.10669294214794212,0,0
2026-01-13,185,188.11000061035156,183.39999389648438,185.80999755859375,185.58364868164062,160128900,0.004704239730442428,184.19284439086914,185.35971618652343,0,0,0,0.9652234412678046,0.004704239730442428,1.087551246115889,-0.1244274909621147,-0.10249061159490991,0,0
2026-01-14,184.32000732421875,184.4600067138672,180.8000030517578,183.13999938964844,182.91688537597656,159586100,-0.014369602734984221,184.5349266052246,184.97341247558595,0,0,0,0.9652234412678046,-0.014369602734984221,1.0719235667552665,-0.1244274909621147,-0.11538746495720975,0,0
2026-01-15,186.5,189.6999969482422,186.3300018310547,187.0500030517578,186.8221435546875,206188600,0.021349905289956617,185.00085830688477,184.5775259399414,1,0,0,0.9652234412678046,0.021349905289956617,1.0948090333835638,-0.1244274909621147,-0.0965010711157378,0,0
2026-01-16,189.0800018310547,190.44000244140625,186.0800018310547,186.22999572753906,186.0031280517578,187967200,-0.004383931622591319,185.76442642211913,184.32885040283202,1,1,-0.005383931622591319,0.9600267442594964,-0.004383931622591319,1.090009465441415,-0.12914151348139535,-0.10046194864105096,1,0
2026-01-20,181.89999389648438,182.3800048828125,177.61000061035156,178.07000732421875,177.8530731201172,223345300,-0.043816762744832816,185.96068725585937,183.9866848754883,1,1,-0.043816762744832816,0.9179614801775837,-0.043816762744832816,1.0422487793045465,-0.16729971316950532,-0.13987679401739517,0,0
2026-01-21,179.0500030517578,185.3800048828125,178.39999389648438,183.32000732421875,183.09669494628906,200381000,0.029482885699874783,186.0770462036133,183.89181030273437,1,1,0.029482885699874783,0.9450256335745473,0.029482885699874783,1.0729772809356164,-0.14274930579062894,-0.11451787984760031,0,0
2026-01-22,184.75,186.1699981689453,183.92999267578125,184.83999633789062,184.6148223876953,139636600,0.008291397296120495,186.1344757080078,183.8258999633789,1,1,0.008291397296120495,0.9528612165575319,0.008291397296120495,1.0818737618615646,-0.1356414997025639,-0.10717599579080572,0,0
2026-01-23,187.5,189.60000610351562,186.82000732421875,187.6699981689453,187.44137573242188,142748100,0.015310543910665775,186.05756912231445,183.59879821777344,1,1,0.015310543910665775,0.9674500400544064,0.015310543910665775,1.0984378375983432,-0.12240770092920272,-0.09350637466986444,0,0
2026-01-26,187.16000366210938,189.1199951171875,185.99000549316406,186.47000122070312,186.2428436279297,124799600,-0.006394170442939551,185.95069961547853,183.4653759765625,1,1,-0.006394170442939551,0.9612639996032698,-0.006394170442939551,1.0914142388437655,-0.12801917566887266,-0.09930264941566347,0,0
2026-01-27,187.24000549316406,190,185.6999969482422,188.52000427246094,188.29034423828125,143711600,0.010993714284356582,185.8503219604492,183.36011993408204,1,1,0.010993714284356582,0.971831861366746,0.010993714284356582,1.1034129351514923,-0.11843286762473848,-0.08940064008666238,0,0
2026-01-28,191.27000427246094,192.35000610351562,189.83999633789062,191.52000427246094,191.2866973876953,148552700,0.015913472151403374,186.01512145996094,183.4534146118164,1,1,0.015913472151403374,0.9872970806284522,0.015913472151403374,1.120972066166524,-0.10440407361409221,-0.07490984253159572,0,0
2026-01-29,191.33999633789062,193.47999572753906,186.05999755859375,192.50999450683594,192.27548217773438,171764400,0.005169124688451321,186.2633186340332,183.5003692626953,1,1,0.005169124688451321,0.9924005423427646,0.005169124688451321,1.1267665105488096,-0.09977462660013448,-0.07012793615958235,0,0
2026-01-30,191.2100067138672,194.49000549316406,189.47000122070312,191.1300048828125,190.8971710205078,179489500,-0.007168418675203125,186.49453659057616,183.59106658935548,1,1,-0.007168418675203125,0.985286599761753,-0.007168418675203125,1.118689376451998,-0.1062278189787057,-0.07679364842756575,0,0
2026-02-02,187.1999969482422,190.3000030517578,184.8800048828125,185.61000061035156,185.38389587402344,165794100,-0.02888086354036168,186.33273391723634,183.67616485595704,1,1,-0.02888086354036168,0.9568306719258869,-0.02888086354036168,1.0863806612266356,-0.1320407313749532,-0.10345664508692443,0,0
2026-02-03,186.24000549316406,186.27000427246094,176.22999572753906,180.33999633789062,180.12030029296875,204019600,-0.028392949431980563,185.94420700073243,183.55292266845703,1,1,-0.028392949431980563,0.9296634270429271,-0.028392949431980563,1.0555351100485462,-0.15668465499804307,-0.12891215522654953,0,0
2026-02-04,179.4600067138672,179.5800018310547,171.91000366210938,174.19000244140625,173.97779846191406,207014100,-0.03410221846767858,185.29250106811523,183.4242807006836,1,1,-0.03410221846767858,0.8979598417524984,-0.03410221846767858,1.0195390211253654,-0.1854435791304455,-0.15861818321355303,0,0
2026-02-05,174.92999267578125,176.82000732421875,171.02999877929688,171.8800048828125,171.6706085205078,206312900,-0.013261404396442744,184.43205032348632,183.2846499633789,1,1,-0.013261404396442744,0.8860516331592528,-0.013261404396442744,1.0060185018682686,-0.19624574123131566,-0.16977608773777186,0,0
2026-02-06,176.69000244140625,187,174.60000610351562,185.41000366210938,185.1841278076172,231346200,0.07871772229137908,184.4505271911621,183.34198303222655,1,1,0.07871772229137908,0.9557995995541058,0.07871772229137908,1.0852099869183243,-0.13297603669904923,-0.10442275237265142,0,0
2026-02-09,184.25999450683594,193.66000366210938,183.9499969482422,190.0399932861328,189.80848693847656,196387400,0.024971681890920472,184.70921173095704,183.58628295898438,1,1,0.024971681890920472,0.9796675231056401,0.024971681890920472,1.1123095054964987,-0.11132499009569274,-0.08205868223615509,0,0
2026-02-10,191.3800048828125,192.47999572753906,188.1199951171875,188.5399932861328,188.31031799316406,136764800,-0.007893055623999112,184.8889923095703,183.7518817138672,1,1,-0.007893055623999112,0.9719349528527418,-0.007893055623999112,1.1035299846985118,-0.11833935138052543,-0.08930404411683224,0,0
2026-02-11,192.4499969482422,193.25999450683594,188.77000427246094,190.0500030517578,189.8184814453125,144192700,0.00800892626713745,185.1007339477539,184.01276062011718,1,1,0.00800892626713745,0.9797191082265931,0.00800892626713745,1.1123680749795375,-0.11127819625309543,-0.08201034735438362,0,0
2026-02-12,193.02999877929688,193.61000061035156,186.50999450683594,186.94000244140625,186.7122802734375,189932500,-0.016364060802846025,185.29050369262694,184.15318969726562,1,1,-0.016364060802846025,0.9636869251698631,-0.016364060802846025,1.0941652161654276,-0.12582129388642482,-0.09703238584665996,0,0
2026-02-13,187.47999572753906,187.5,181.58999633789062,182.80999755859375,182.58731079101562,161888000,-0.02209265226893975,185.07876205444336,184.18035888671875,1,1,-0.02209265226893975,0.9423965250359615,-0.02209265226893975,1.0699922045199155,-0.14513422006150367,-0.11698133535626387,0,0
2026-02-17,181.75,187.14999389648438,179.17999267578125,184.97000122070312,184.7446746826172,162276900,0.011815519283652876,185.01583938598634,184.28802764892578,1,1,0.011815519283652876,0.9535314293503714,0.011815519283652876,1.0826347180457787,-0.13503353695370546,-0.1065480112963405,0,0
2026-02-18,188.75,190.3699951171875,186.75999450683594,187.97999572753906,187.75099182128906,164749100,0.01627282163254007,185.51073532104493,184.3799151611328,1,1,0.01627282163254007,0.9690480762212109,0.01627282163254007,1.100252239705733,-0.12095809198242402,-0.09200902644692766,0,0
2026-02-19,187.05999755859375,188.42999267578125,185.66000366210938,187.89999389648438,187.6710968017578,126554500,-0.0004255371370144312,185.73945541381835,184.4895812988281,1,1,-0.0004255371370144312,0.9686357102772264,-0.0004255371370144312,1.099784041517655,-0.12133215695927757,-0.09239541032624832,0,0
2026-02-20,186.57000732421875,190.3300018310547,185.94000244140625,189.82000732421875,189.58877563476562,178422300,0.010218296081220712,185.98815307617187,184.57487731933594,1,1,0.010218296081220712,0.9785335167596826,0.010218296081220712,1.111021960479284,-0.1123536687820399,-0.08312123790428705,0,0
2026-02-23,191.39999389648438,193.9499969482422,189.5800018310547,191.5500030517578,191.31666564941406,171584800,0.009113883503194087,186.1819175720215,184.70631713867186,1,1,0.009113883503194087,0.9874517572354011,0.009113883503194087,1.1211476851965825,-0.10426376352728184,-0.07476491167999388,0,0
2026-02-24,191.49000549316406,193.77000427246094,187.39999389648438,192.85000610351562,192.61508178710938,175123600,0.006786738276500337,186.50052947998046,184.88749633789064,1,1,0.006786738276500337,0.9941533338724281,0.006786738276500337,1.128756621105316,-0.09818463612556416,-0.06848558329133125,0,0
2026-02-25,194.4499969482422,197.6300048828125,193.7899932861328,195.55999755859375,195.32176208496094,250637100,0.014052276035389388,186.85210037231445,185.17973999023437,1,1,0.014052276035389388,1.008123450941506,0.014052276035389388,1.1446182207218614,-0.08551207769944547,-0.055395685576796194,0,0
2026-02-26,194.27000427246094,194.2899932861328,184.32000732421875,184.88999938964844,184.66476440429688,360807900,-0.05456124072866231,186.52100372314453,185.3768994140625,1,1,-0.05456124072866231,0.9531189846504767,-0.05456124072866231,1.0821664304386427,-0.13540767337154025,-0.10693446896937375,0,0
2026-02-27,181.25,182.58999633789062,176.3800048828125,177.19000244140625,176.97415161132812,311636500,-0.041646346652961186,185.7559371948242,185.3948776245117,1,1,-0.041646346652961186,0.9134250610142046,-0.041646346652961186,1.0370981521403975,-0.17141478511979935,-0.14412738565848604,0,0
2026-03-02,175.00999450683594,183.4600067138672,174.63999938964844,182.47999572753906,182.25770568847656,209095300,0.029854947906472917,185.32396392822267,185.48996154785155,0,1,0.029854947906472917,0.9406953186272505,0.029854947906472917,1.0680606634464485,-0.14667741669347722,-0.11857535334274327,0,0
2026-03-03,178.49000549316406,180.89999389648438,176.9199981689453,180.0500030517578,179.83065795898438,178099400,-0.013316571281988043,185.0463020324707,185.67193939208985,0,0,-0.001,0.9397546233086232,-0.013316571281988043,1.0538377574881763,-0.14753073927678384,-0.13031290747965574,0,1
2026-03-04,180.44000244140625,184.6999969482422,180.05999755859375,183.0399932861328,182.8170166015625,177731200,0.016606504566419655,185.1811378479004,185.84972259521484,0,0,0,0.9397546233086232,0.016606504566419655,1.071338319020169,-0.14753073927678384,-0.11587044480636055,0,0
2026-03-05,181.1699981689453,184.05999755859375,177.8800048828125,183.33999633789062,183.1166534423828,198779700,0.00163899863585093,185.63808059692383,185.89666534423827,0,0,0,0.9397546233086232,0.00163899863585093,1.073094241063578,-0.14753073927678384,-0.11442135767148265,0,0
2026-03-06,179.83999633789062,182.75999450683594,176.82000732421875,177.82000732421875,177.60337829589844,189021900,-0.03010799423668542,185.93471908569336,185.77940826416017,1,0,0,0.9397546233086232,-0.03010799423668542,1.0407855258382155,-0.14753073927678384,-0.14108435433084132,0,0
2026-03-09,176.8300018310547,182.91000366210938,175.55999755859375,182.64999389648438,182.427490234375,177213600,0.027162275767295796,185.79688720703126,185.64836791992187,1,1,0.026162275767295795,0.9643407429172147,0.027162275767295796,1.069055629305643,-0.12522820339460017,-0.1177542507023307,1,0
2026-03-10,182.39999389648438,186.44000244140625,182.00999450683594,184.77000427246094,184.544921875,179118500,0.01160697676597211,185.53370895385743,185.5716616821289,0,1,0.01160697676597211,0.9755338235147352,0.01160697676597211,1.0814641331565253,-0.11507474747587354,-0.10751404478835502,0,0
2026-03-11,185.91000366210938,187.6199951171875,184.4499969482422,186.02999877929688,185.8134307861328,145280400,0.006873713447352436,185.40886459350585,185.4819723510742,0,0,-0.001,0.9745582896912204,0.006873713447352436,1.0888978077114326,-0.11595967272839769,-0.10137935207644355,0,1
2026-03-12,184.0500030517578,184.94000244140625,181.75,183.13999938964844,182.9268035888672,155762700,-0.015535083686109119,185.06428070068358,185.38069427490234,0,0,0,0.9745582896912204,-0.015535083686109119,1.0719816891430147,-0.11595967272839769,-0.11533949904400165,0,0
2026-03-13,184.9199981689453,186.08999633789062,179.94000244140625,180.25,180.0401611328125,160988400,-0.015780314308353027,184.73067474365234,185.2352667236328,0,0,0,0.9745582896912204,-0.015780314308353027,1.0550654811555387,-0.11595967272839769,-0.12929971980527244,0,0
2026-03-16,182.97000122070312,188.8800048828125,181.41000366210938,183.22000122070312,183.0067138671875,217307400,0.01647717218041489,184.75164489746095,185.1699447631836,0,0,0,0.9745582896912204,0.01647717218041489,1.0724499767501507,-0.11595967272839769,-0.1149530413709684,0,0
2026-03-17,185.05999755859375,185.39999389648438,181.67999267578125,181.92999267578125,181.71820068359375,182497800,-0.007040797336696936,184.60032119750977,185.03190979003907,0,0,0,0.9745582896912204,-0.007040797336696936,1.0648990738101076,-0.11595967272839769,-0.1211844776401354,0,0
2026-03-18,182.47999572753906,183.3800048828125,180.3300018310547,180.39999389648438,180.1899871826172,156683100,-0.008409798772097021,184.22227096557617,184.87789276123047,0,0,0,0.9745582896912204,-0.008409798772097021,1.055943486886772,-0.11595967272839769,-0.1285751393409772,0,0
2026-03-19,178.00999450683594,179.97999572753906,175.7899932861328,178.55999755859375,178.3521270751953,170968500,-0.010199568445272478,183.75632247924804,184.7046969604492,0,0,0,0.9745582896912204,-0.010199568445272478,1.0451733190179309,-0.11595967272839769,-0.13746329685218095,0,0
2026-03-20,178,178.25999450683594,171.72000122070312,172.6999969482422,172.4989471435547,241323500,-0.03281811115811839,182.9018310546875,184.37708343505858,0,0,0,0.9745582896912204,-0.03281811115811839,1.0108727048549009,-0.11595967272839769,-0.16577012225404297,0,0
2026-03-23,177.25999450683594,178.3699951171875,174.75999450683594,175.63999938964844,175.43553161621094,182836300,0.0170237820072745,182.10777435302734,184.1895022583008,0,0,0,0.9745582896912204,0.0170237820072745,1.0280815814194546,-0.11595967272839769,-0.15156837467134066,0,0
2026-03-24,174.8300018310547,176.22000122070312,173.97999572753906,175.1999969482422,174.99603271484375,147667800,-0.00250518750288653,181.22682189941406,183.9967269897461,0,0,0,0.9745582896912204,-0.00250518750288653,1.0255060442897348,-0.11595967272839769,-0.1536938549761676,0,0
2026-03-25,177.10000610351562,181.22000122070312,176.85000610351562,178.67999267578125,178.47198486328125,162602100,0.019863034004328428,180.38433303833008,183.87187255859374,0,0,0,0.9745582896912204,0.019863034004328428,1.0458757057191062,-0.11595967272839769,-0.1368836472394871,0,0
2026-03-26,176.07000732421875,176.50999450683594,171.13999938964844,171.24000549316406,171.04066467285156,186152200,-0.04163858095780393,179.7031280517578,183.58101287841797,0,0,0,0.9745582896912204,-0.04163858095780393,1.002326925474721,-0.11595967272839769,-0.17282258736991019,0,0
2026-03-27,170,170.97000122070312,167.00999450683594,167.52000427246094,167.32498168945312,196212700,-0.021723974181843797,179.22066955566407,183.2691748046875,0,0,0,0.9745582896912204,-0.021723974181843797,0.9805524012239412,-0.11595967272839769,-0.19079216812569055,0,0
2026-03-30,168.77999877929688,169.4499969482422,164.27000427246094,165.1699981689453,164.97772216796875,185627000,-0.014028147487508913,178.35667037963867,182.83228637695314,0,0,0,0.9745582896912204,-0.014028147487508913,0.9667970675203407,-0.11595967272839769,-0.20214385493927078,0,0
2026-03-31,166.97000122070312,174.6199951171875,166.9600067138672,174.39999389648438,174.1969757080078,226181300,0.05588180888236938,178.07498626708986,182.59616333007813,0,0,0,0.9745582896912204,0.05588180888236938,1.0208234364755475,-0.11595967272839769,-0.1575582103253631,0,0
2026-04-01,176,177.3699951171875,174.75,175.75,175.54541015625,168132000,0.007740860269023653,177.7114059448242,182.5500100708008,0,0,0,0.9745582896912204,0.007740860269023653,1.0287254880566492,-0.11595967272839769,-0.15103698614670558,0,0
2026-04-02,172.17999267578125,177.49000549316406,171.3699951171875,177.38999938964844,177.18348693847656,143143200,0.009331356375359201,177.4147476196289,182.43174591064454,0,0,0,0.9745582896912204,0.009331356375359201,1.0383248921981212,-0.11595967272839769,-0.1431150097149414,0,0
2026-04-06,177.16000366210938,177.7899932861328,175.75999450683594,177.63999938964844,177.43319702148438,107564300,0.0014093304479019242,177.4062385559082,182.28811340332032,0,0,0,0.9745582896912204,0.0014093304479019242,1.0397882350835104,-0.11595967272839769,-0.14190737560778266,0,0
2026-04-07,175.72999572753906,178.22999572753906,173.66000366210938,178.10000610351562,177.89266967773438,132534900,0.00258955293576979,177.17949752807618,182.09713928222655,0,0,0,0.9745582896912204,0.00258955293576979,1.0424808217602497,-0.11595967272839769,-0.13968529933312546,0,0
2026-04-08,184.5,185.25999450683594,180.3000030517578,182.0800018310547,181.8680419921875,147732700,0.0223470271240227,177.04565353393554,182.00964324951173,0,0,0,0.9745582896912204,0.0223470271240227,1.0657771689603994,-0.11595967272839769,-0.12045982338212735,0,0
2026-04-09,181.83999633789062,184.0800018310547,180.6199951171875,183.91000366210938,183.69590759277344,116428500,0.010050504643715596,176.93977737426758,181.91775451660158,0,0,0,0.9745582896912204,0.010050504643715596,1.076488767346202,-0.11595967272839769,-0.11162000075269496,0,0
2026-04-10,184.30999755859375,190,184.3000030517578,188.6300048828125,188.41041564941406,160459500,0.025664741901011645,177.2139579772949,181.86022888183595,0,0,0,0.9745582896912204,0.025664741901011645,1.1041165737194805,-0.11595967272839769,-0.088819957361992,0,0
2026-04-13,186.02999877929688,189.66000366210938,185.74000549316406,189.30999755859375,189.08961486816406,133648200,0.003604892099032586,177.6664306640625,181.79651153564453,0,0,0,0.9745582896912204,0.003604892099032586,1.1080967948324927,-0.11595967272839769,-0.08553525162549003,0,0
2026-04-14,190.83999633789062,196.50999450683594,190.77000427246094,196.50999450683594,196.28123474121094,161307000,0.038032865411783634,178.33015670776368,181.9041928100586,0,0,0,0.9745582896912204,0.038032865411783634,1.1502408910935857,-0.11595967272839769,-0.05075553692674173,0,0
2026-04-15,196.5399932861328,200.39999389648438,195.74000549316406,198.8699951171875,198.63848876953125,185338400,0.01200957407583192,179.17617111206056,182.16928466796875,0,0,0,0.9745582896912204,0.01200957407583192,1.164054794280225,-0.11595967272839769,-0.03935551523139014,0,0
2026-04-16,197.42999267578125,199.85000610351562,195.80999755859375,198.35000610351562,198.1190948486328,134012900,-0.002614769796708716,180.07262649536133,182.52926055908202,0,0,0,0.9745582896912204,-0.002614769796708716,1.1610110589624272,-0.11595967272839769,-0.041867379415537864,0,0
2026-04-17,199.89999389648438,201.6999969482422,199.27000427246094,201.67999267578125,201.44520568847656,160324400,0.016788441530004805,181.2272804260254,183.07860870361327,0,0,0,0.9745582896912204,0.016788441530004805,1.180502625241507,-0.11595967272839769,-0.025781825936865288,0,0
2026-04-20,199.97999572753906,202.1699981689453,197.83999633789062,202.05999755859375,201.82476806640625,119381400,0.00188419663120043,182.69357147216797,183.68169189453124,0,0,0,0.9745582896912204,0.00188419663120043,1.1827269243111103,-0.11595967272839769,-0.023946207335241332,0,0
2026-04-21,202.1300048828125,202.75,199,199.8800048828125,199.64732360839844,107945300,-0.010788787118989118,183.90416107177734,183.97095581054688,0,0,0,0.9745582896912204,-0.010788787118989118,1.1699667353048209,-0.11595967272839769,-0.034476643920983374,0,0
2026-04-22,200.99000549316406,202.5,199,202.5,202.26426696777344,107501000,0.013107830909409257,185.26757278442383,184.2200714111328,1,0,0,0.9745582896912204,0.013107830909409257,1.18530246144083,-0.11595967272839769,-0.021820727030414266,0,0
2026-04-23,202.4600067138672,203.8300018310547,197.22000122070312,199.63999938964844,199.4075927734375,113561800,-0.014123474389033275,186.31435317993163,184.44201690673827,1,1,-0.015123474389033276,0.9598195823564551,-0.014123474389033275,1.1685618724834124,-0.12932943397676244,-0.03563601694008345,1,0
2026-04-24,199.9600067138672,210.9499969482422,199.80999755859375,208.27000427246094,208.0275421142578,214134400,0.043227788976992976,188.16369705200196,184.8061981201172,1,1,0.043227788976992976,1.0013104607185455,0.043227788976992976,1.2190762185136852,-0.09169227048023088,0,0,0
2026-04-27,209.64999389648438,216.8300018310547,207.3800048828125,216.61000061035156,216.3578338623047,187172400,0.04004417714781017,190.61533966064454,185.39910919189452,1,1,0.04004417714781017,1.0414071141875143,0.04004417714781017,1.2678931225645298,-0.055319834854616,0,0,0
2026-04-28,209.49000549316406,214.72999572753906,208.1999969482422,213.1699981689453,212.92184448242188,180275400,-0.01588104908680843,193.01254577636718,186.00579986572265,1,1,-0.01588104908680843,1.024868476687751,-0.01588104908680843,1.2477576496482556,-0.07032234692862416,-0.01588104908680843,0,0
2026-04-29,212.6999969482422,212.72000122070312,207.5800018310547,209.25,209.00640869140625,123711800,-0.018389075111261644,194.7530174255371,186.49103454589843,1,1,-0.018389075111261644,1.0060220932907755,-0.018389075111261644,1.2248125405082226,-0.08741825912021517,-0.03397808639356714,0,0
2026-04-30,209.92999267578125,210.3000030517578,198.6999969482422,199.57000732421875,199.33767700195312,225239200,-0.04626045560032954,195.94263076782227,186.72276824951172,1,1,-0.04626045560032954,0.959483052911147,-0.04626045560032954,1.1681521543593152,-0.12963470622585593,-0.07866670023690281,0,0
2026-05-01,201.27999877929688,203,197.1199951171875,198.4499969482422,198.21897888183594,128647000,-0.00561207563438304,196.99440536499023,186.93372589111328,1,1,-0.00561207563438304,0.9540983614483008,-0.00561207563438304,1.1615963961165832,-0.1345192620840584,-0.0838372923996491,0,0
2026-05-04,199.5,201.72999572753906,194.74000549316406,198.47999572753906,198.24893188476562,125368100,0.0001511106711307164,198.0351921081543,187.10692901611327,1,1,0.0001511106711307164,0.954242535892024,0.0001511106711307164,1.1617719257275834,-0.13438847870890125,-0.08369885043803871,0,0
2026-05-05,199.3000030517578,200.24000549316406,196.02999877929688,196.5,196.271240234375,113406600,-0.009975799776516192,198.95412063598633,187.2060205078125,1,1,-0.009975799776516192,0.9447232034157301,-0.009975799776516192,1.1501823216105473,-0.14302364592954686,-0.0928396872410604,0,0
2026-05-06,199.88999938964844,208.27000427246094,198.61000061035156,207.8300018310547,207.5880584716797,188362800,0.057659075388685865,200.24012145996093,187.50548004150392,1,1,0.057659075388685865,0.9991950698229185,0.057659075388685865,1.2165007708030235,-0.0936111817238775,-0.04053366237806899,0,0
2026-05-07,208.33999633789062,214.1999969482422,206.5,211.5,211.2537841796875,168307900,0.01765865404299216,201.61801528930664,187.82412048339845,1,1,0.01765865404299216,1.0168395098823848,0.01765865404299216,1.2379825370576674,-0.07760557515350297,-0.02359077825610667,0,0
2026-05-08,213.02999877929688,217.8000030517578,212.88999938964844,215.1999969482422,214.94947814941406,136421400,0.017494095947569344,202.94496841430663,188.42981475830078,1,1,0.017494095947569344,1.0346281978315466,0.017494095947569344,1.2596399223423695,-0.06146911858373527,-0.006509381646827461,0,0
2026-05-11,214.0399932861328,222.3000030517578,213.88999938964844,219.44000244140625,219.18453979492188,160685800,0.01970259096216065,204.44971466064453,189.27402252197265,1,1,0.01970259096216065,1.055013054011339,0.01970259096216065,1.2844580924918891,-0.04297762852183462,0,0,0
2026-05-12,218.5500030517578,223.75,214.9199981689453,220.77999877929688,220.52297973632812,159176600,0.006106452319395217,205.66180191040038,190.0393280029297,1,1,0.006106452319395217,1.0614554409219987,0.006106452319395217,1.2923015745899522,-0.03713361704180862,0,0,0
2026-05-13,224.92999267578125,227.83999633789062,221.57000732421875,225.8300018310547,225.56710815429688,150405400,0.022873482047085725,207.00823287963868,190.95405700683594,1,1,0.022873482047085725,1.0857346228937095,0.022873482047085725,1.321861011455756,-0.01510951011747208,0,0,0
2026-05-14,229.85000610351562,236.5399932861328,229.3000030517578,235.74000549316406,235.465576171875,180782900,0.04388258597883499,208.87555694580078,192.00702819824218,1,1,0.04388258597883499,1.1333794658330407,0.04388258597883499,1.379867690943033,0,0,0,0
2026-05-15,229.75999450683594,231.5,224.24000549316406,225.32000732421875,225.05770874023438,180977600,-0.04420122720632225,210.05618209838866,192.84584930419922,1,1,-0.04420122720632225,1.0832827025527743,-0.04420122720632225,1.3188758456209968,-0.04420122720632236,-0.044201227206322136,0,0
2026-05-18,229.8699951171875,230,218.3699951171875,222.32000732421875,222.0612030029297,146280900,-0.013314388358780072,211.06800384521483,193.73500579833984,1,1,-0.013314388358780072,1.0688594559486377,-0.013314388358780072,1.3013158204153843,-0.05692710326014283,-0.05692710326014272,0,0
2026-05-19,219.6199951171875,224.47999572753906,217.91000366210938,220.61000061035156,220.35317993164062,140948200,-0.007691677106092865,212.10329666137696,194.49351959228517,1,1,-0.007691677106092865,1.0606381341416866,-0.007691677106092865,1.2913065193116988,-0.06418091546937355,-0.06418091546937332,0,0
2026-05-20,223.17999267578125,226.1300048828125,220.5,223.47000122070312,223.20985412597656,184201600,0.012964070657941695,213.15057601928712,195.26681823730468,1,1,0.012964070657941695,1.0743883218552068,0.012964070657941695,1.3080471082691165,-0.05204889073446817,-0.052048890734467945,0,0
2026-05-21,222.2899932861328,227.39999389648438,217.92999267578125,219.50999450683594,219.25445556640625,203381800,-0.017720537361840427,214.14291915893554,195.93563873291015,1,1,-0.017720537361840427,1.0553495834566466,-0.017720537361840427,1.2848678106159863,-0.06884709378340614,-0.06884709378340581,0,0
2026-05-22,220.89999389648438,221.00999450683594,214.8000030517578,215.3300018310547,215.07933044433594,169275700,-0.01904237298751621,214.49550857543946,196.57868927001954,1,1,-0.01904237298751621,1.0352532230562452,-0.01904237298751621,1.2604008785265834,-0.08657845473199222,-0.08657845473199188,0,0
2026-05-26,216.5399932861328,218.17999267578125,212,214.86000061035156,214.60987854003906,187202600,-0.0021826918622399605,214.40811080932616,197.27008361816405,1,1,-0.0021826918622399605,1.0329935842709226,-0.0021826918622399605,1.2576498117858634,-0.08857217250564353,-0.08857217250564298,0,0
2026-05-27,214.1199951171875,214.14999389648438,208.77999877929688,212.60000610351562,212.35250854492188,167601200,-0.010518481304186755,214.37964401245117,197.85699951171875,1,1,-0.010518481304186755,1.0221280605674241,-0.010518481304186755,1.2444212457533799,-0.09815900906925834,-0.0981590090692579,0,0
2026-05-28,211.27999877929688,215.52000427246094,211.22000122070312,214.25,214.00057983398438,143996000,0.007761016341909066,214.62935256958008,198.50264709472657,1,1,0.007761016341909066,1.0300608131490117,0.007761016341909066,1.2540792193778907,-0.09115980640084143,-0.09115980640084087,0,0
2026-05-29,214.5800018310547,217.86000061035156,211.1300048828125,211.13999938964844,210.8942108154297,289410600,-0.014515703746992292,215.2071792602539,199.1167315673828,1,1,-0.014515703746992292,1.0151087555439546,-0.014515703746992292,1.235875376954142,-0.10435226140448595,-0.10435226140448539,0,0
2026-06-01,215.72999572753906,224.8699951171875,215.6999969482422,224.36000061035156,224.09881591796875,212850700,0.0626124588791841,216.50117111206055,200.0316653442383,1,1,0.0626124588791841,1.0786672107583501,0.0626124588791841,1.3132565731734793,-0.048273554201440194,-0.04827355420143953,0,0
2026-06-02,227.17999267578125,232.27999877929688,221.35000610351562,222.82000732421875,222.56060791015625,193362900,-0.006863972045151545,217.71675491333008,201.0328985595703,1,1,-0.006863972045151545,1.0712632691776833,-0.006863972045151545,1.304242416767105,-0.05480617792003284,-0.054806177920032284,0,0
2026-06-03,221.72000122070312,222.82000732421875,214.50999450683594,214.75,214.5,160907000,-0.03621758578863232,218.62819290161133,201.81418792724608,1,1,-0.03621758578863232,1.0324646998240299,-0.03621758578863232,1.2570059051486693,-0.08903881625809928,-0.08903881625809873,0,0
2026-06-04,213.91000366210938,221.60000610351562,210.97000122070312,218.66000366210938,218.66000366210938,169022200,0.01939395646671027,219.18179016113282,202.6874673461914,1,1,0.01939395646671027,1.0524882752658322,0.01939395646671027,1.2813842229515202,-0.07137167471774597,-0.07137167471774553,0,0
2026-06-05,214.52999877929688,214.8699951171875,204.3300018310547,205.10000610351562,205.10000610351562,219655500,-0.062014073591381225,218.8741012573242,203.2200277709961,1,1,-0.062014073591381225,0.987219189909431,-0.062014073591381225,1.2019203674505698,-0.12895970002084078,-0.12895970002084034,0,0
2026-06-08,210.17999267578125,210.47000122070312,206,208.63999938964844,208.63999938964844,138372800,0.017259839984335112,218.55862731933593,203.97201446533202,1,1,0.017259839984335112,1.0042584351567327,0.017259839984335112,1.22266532066668,-0.11392568382329327,-0.11392568382329271,0,0
2026-06-09,210.6199951171875,211.39999389648438,199.33999633789062,208.19000244140625,208.19000244140625,180962500,-0.0021568105327770537,218.00890045166017,204.78931488037108,1,1,-0.0021568105327770537,1.0020924399861566,-0.0021568105327770537,1.2200282632250048,-0.11583677824124627,-0.11583677824124594,0,0
2026-06-10,204.42999267578125,207.22000122070312,199.9199981689453,200.4199981689453,200.4199981689453,161746600,-0.03732169739825886,217.003751373291,205.49816040039062,1,1,-0.03732169739825886,0.9646926491759104,-0.03732169739825886,1.1744947375675978,-0.14883525045439616,-0.14883525045439583,0,0
2026-06-11,201.49000549316406,205.66000366210938,199.5399932861328,204.8699951171875,204.8699951171875,158643200,0.022203357892913722,215.96889572143556,206.1116207885742,1,1,0.022203357892913722,0.9861120653222262,0.022203357892913722,1.200572464569155,-0.12993653489440282,-0.1299365348944026,0,0
2026-06-12,204.86000061035156,207.07000732421875,203.44000244140625,205.19000244140625,205.19000244140625,112001800,0.0015620019126554308,214.45511703491212,206.70451263427734,1,1,0.0015620019126554308,0.987652374254352,0.0015620019126554308,1.2024477610550934,-0.1285774940977763,-0.12857749409777597,0,0
2026-06-15,208.9199981689453,212.7100067138672,208.33999633789062,212.4499969482422,212.4499969482422,149936700,0.03538181402824003,213.8247314453125,207.40984283447267,1,1,0.03538181402824003,1.0225973068847694,0.03538181402824003,1.2449925441154184,-0.09774498505392082,-0.09774498505392049,0,0
2026-06-16,211.17999267578125,211.49000549316406,207.2899932861328,207.41000366210938,207.41000366210938,125694100,-0.023723197733726886,213.0921714782715,208.00937896728516,1,1,-0.023723197733726886,0.9983380287715654,-0.023723197733726886,1.2154573398143527,-0.11914935917973335,-0.11914935917973302,0,0
2026-06-17,208.52999877929688,209.2100067138672,203.0800018310547,204.64999389648438,204.64999389648438,128363500,-0.013307023368657411,212.30701217651367,208.54452545166015,1,1,-0.013307023368657411,0.9850531212928828,-0.013307023368657411,1.199283220589837,-0.1308708592414255,-0.13087085924142516,0,0
2026-06-18,207.3300018310547,211.38999938964844,206.5,210.69000244140625,210.69000244140625,241272000,0.029513846689763534,211.68101959228517,209.12096466064452,1,1,0.029513846689763534,1.014125828095994,0.029513846689763534,1.2346786816999313,-0.10521951502747107,-0.10521951502747062,0,0
2026-06-22,211.44000244140625,213.99000549316406,207.72000122070312,208.64999389648438,208.64999389648438,122041400,-0.00968251232276296,211.15079650878906,209.62004638671874,1,1,-0.00968251232276296,1.0043065422686224,-0.00968251232276296,1.222723890149719,-0.11388323809938539,-0.11388323809938494,0,0
2026-06-23,202.1699981689453,203.77000427246094,200,200.0399932861328,200.0399932861328,153496200,-0.04126528091164561,210.3988296508789,209.85263793945313,1,1,-0.04126528091164561,0.9628635506805042,-0.04126528091164561,1.1722678453453108,-0.15044909519973193,-0.1504490951997316,0,0
2026-06-24,200.1199951171875,201.6699981689453,196.5800018310547,199,199,151810700,-0.00519892681982459,209.61833572387695,210.05084564208985,0,1,-0.00519892681982459,0.9578576935430398,-0.00519892681982459,1.166173310604127,-0.15486584818350424,-0.15486584818350402,0,0
2026-06-25,200.0800018310547,200.8000030517578,192.1300048828125,195.74000549316406,195.74000549316406,149550000,-0.016381881943899224,208.78771057128907,210.0400210571289,0,0,-0.001,0.9568998358494968,-0.016381881943899224,1.1470691971036842,-0.15571098233532077,-0.16871073608531917,0,1
2026-06-26,193.1199951171875,195.5500030517578,191.22000122070312,192.52999877929688,192.52999877929688,179304100,-0.016399339040476746,207.71418151855468,209.91785125732423,0,0,0,0.9568998358494968,-0.016399339040476746,1.1282580204374935,-0.15571098233532077,-0.18234333056496432,0,0
2026-06-29,193.85000610351562,196.17999267578125,189.8000030517578,194.97000122070312,194.97000122070312,148835700,0.012673362368860186,206.91797103881837,209.85486938476564,0,0,0,0.9568998358494968,0.012673362368860186,1.1425568431760706,-0.15571098233532077,-0.1719808712998988,0,0
2026-06-30,197.24000549316406,200.6300048828125,195.11000061035156,200.08999633789062,200.08999633789062,166476700,0.026260425117358155,205.71753005981446,209.8277651977539,0,0,0,0.9568998358494968,0.026260425117358155,1.1725608715986209,-0.15571098233532077,-0.15023673697492979,0,0
2026-07-01,196.1999969482422,199.85000610351562,193.4499969482422,197.5800018310547,197.5800018310547,146147600,-0.012544327816355838,204.46849975585937,209.74286987304689,0,0,0,0.9568998358494968,-0.012544327816355838,1.157851883640656,-0.15571098233532077,-0.16089644591261232,0,0
2026-07-02,197.13999938964844,200.05999755859375,192.35000610351562,194.8300018310547,194.8300018310547,142068700,-0.013918412665829716,203.4849998474121,209.6465234375,0,0,0,0.9568998358494968,-0.013918412665829716,1.141736423318237,-0.15571098233532077,-0.172575435447765,0,0
2026-07-06,194.4199981689453,197.5500030517578,193.99000549316406,195.5500030517578,195.5500030517578,108999000,0.0036955356666652506,202.32949981689453,209.51223815917967,0,0,0,0.9568998358494968,0.0036955356666652506,1.1459557509925404,-0.15571098233532077,-0.16951765845798727,0,0
2026-07-07,192.3699951171875,198.41000366210938,191.13999938964844,196.92999267578125,196.92999267578125,124154600,0.007056965494693257,201.9209991455078,209.46268615722656,0,0,0,0.9568998358494968,0.007056965494693257,1.15404272118574,-0.15571098233532077,-0.16365697322977324,0,0
2026-07-08,195.17999267578125,205.16000366210938,195.05999755859375,204.1199951171875,204.1199951171875,147419100,0.03651044893523969,201.69499893188475,209.38453521728516,0,0,0,0.9568998358494968,0.03651044893523969,1.196177339026677,-0.15571098233532077,-0.1331217138585351,0,0
2026-07-09,204.4600067138672,204.58999633789062,198.9600067138672,202.77999877929688,202.77999877929688,132037400,-0.006564748040099211,201.42449874877929,209.112978515625,0,0,0,0.9568998358494968,-0.006564748040099211,1.1883247361846905,-0.15571098233532077,-0.13881255138848692,0,0
2026-07-10,202,211,201.9199981689453,210.9600067138672,210.9600067138672,148421000,0.04033932332484791,201.95149917602538,209.0737417602539,0,0,0,0.9568998358494968,0.04033932332484791,1.2362609519325594,-0.15571098233532077,-0.10407283245564614,0,0
2026-07-13,208.5399932861328,210.57000732421875,203,203.52999877929688,203.52999877929688,121411000,-0.03521998340020871,201.88449935913087,208.9642135620117,0,0,0,0.9568998358494968,-0.03521998340020871,1.1927198617271684,-0.15571098233532077,-0.1356273724243543,0,0
